timestamp,mmsi,vessel_name,flag,vessel_type,ship_type_code,lat,lon,speed_knots,course,heading,nav_status,destination
2026-04-02T03:15:55.368053,237810700,LET IT BE,GRC,Unknown,0,37.911,23.70406,0.0,36.0,511,0,
2026-04-02T03:15:55.457810,413527660,,CHN,Unknown,0,37.91652,23.54728,0.0,4.4,229,1,
2026-04-02T03:15:55.683446,518998026,,UNK,Unknown,0,37.9621,23.57242,0.0,26.0,8,5,
2026-04-02T03:15:55.767003,241634000,KAPETAN MICHALIS,GRC,Unknown,0,37.96043,23.57765,0.0,17.7,511,0,
2026-04-02T03:15:56.195002,319054400,I NOVA,UNK,Unknown,0,37.93186,23.65029,0.0,7.8,328,5,
2026-04-02T03:15:56.422152,241780000,,GRC,Unknown,0,37.93109,23.64857,0.0,19.7,15,8,
2026-04-02T03:15:56.792772,232014927,YOUNAN,UNK,Unknown,0,37.93106,23.68341,0.0,36.0,511,15,
2026-04-02T03:15:56.911002,239546200,,GRC,Unknown,0,37.96518,23.52984,10.2,36.0,511,0,
2026-04-02T03:15:57.649150,239918000,,GRC,Unknown,0,37.94081,23.62525,0.0,22.1,152,5,
2026-04-02T03:15:57.818383,240362500,,GRC,Unknown,0,37.94641,23.54359,0.0,36.0,511,5,
2026-04-02T03:15:57.879363,636026166,MSC CLARITA III,LBR,Unknown,0,37.95703,23.59945,0.0,2.0,214,5,
2026-04-02T03:15:58.518896,319775000,,UNK,Unknown,0,37.92968,23.68174,0.0,18.1,31,5,
2026-04-02T03:15:59.603454,240045800,,GRC,Unknown,0,37.91398,23.70373,0.0,36.0,231,0,
2026-04-02T03:16:00.159613,209262000,ASTERION II,CYP,Unknown,0,37.94575,23.63671,0.0,0.0,179,5,
2026-04-02T03:16:00.340011,240004600,SOLE DI MARE,GRC,Unknown,0,37.93257,23.64747,0.0,0.0,511,5,
2026-04-02T03:16:01.950405,232193000,M/Y VARMAR-VE,UNK,Unknown,0,37.9309,23.68276,0.0,19.9,212,15,
2026-04-02T03:16:02.339647,209939000,A NEPITA,CYP,Unknown,0,37.95881,23.56332,0.0,16.8,184,5,
2026-04-02T03:16:03.323804,256586000,,UNK,Unknown,0,37.96062,23.57672,0.0,0.0,511,5,
2026-04-02T03:16:04.736406,355639000,,UNK,Unknown,0,37.92971,23.68203,0.0,19.7,511,0,
2026-04-02T03:16:05.069230,241927000,SVS I,GRC,Unknown,0,37.93864,23.6344,0.0,22.7,126,0,
2026-04-02T03:16:05.137234,511101893,,UNK,Unknown,0,37.96064,23.5733,0.0,26.7,184,5,
2026-04-02T03:16:05.208376,241858000,,GRC,Unknown,0,37.93211,23.67993,0.0,24.3,64,1,
2026-04-02T03:16:05.270160,241585000,CH.GEMITZOGLOU,GRC,Unknown,0,37.93926,23.63293,0.0,0.0,511,0,
2026-04-02T03:16:05.985273,237032400,,GRC,Unknown,0,37.96065,23.56405,0.0,5.5,511,0,
2026-04-02T03:16:06.359205,240806000,VERA,GRC,Unknown,0,37.95396,23.55019,0.0,36.0,511,5,
2026-04-02T03:16:06.844239,240917000,,GRC,Unknown,0,37.93962,23.63042,0.0,10.3,92,13,
2026-04-02T03:16:07.585857,240777000,MABROUK,GRC,Unknown,0,37.93028,23.68453,0.0,36.0,210,5,
2026-04-02T03:16:07.859866,256301000,4LIFE,UNK,Unknown,0,37.93266,23.68483,0.0,36.0,511,5,
2026-04-02T03:16:08.490978,240042300,,GRC,Unknown,0,37.96167,23.55313,0.5,5.0,511,0,
2026-04-02T03:16:09.612460,209074000,,CYP,Unknown,0,37.94125,23.64032,0.0,7.8,511,5,
2026-04-02T03:16:10.175292,240678700,PERSEUS,GRC,Unknown,0,37.93219,23.64706,0.0,36.0,511,0,
2026-04-02T03:16:10.247623,240151600,CHRISTOS XLV,GRC,Unknown,0,37.95659,23.60495,0.0,36.0,231,0,
2026-04-02T03:16:10.653905,319126000,SOJO,UNK,Unknown,0,37.92919,23.68277,0.0,29.7,29,5,
2026-04-02T03:16:10.914334,237006600,,GRC,Unknown,0,37.94998,23.54622,0.0,36.0,511,0,
2026-04-02T03:16:11.621281,256718000,SEAHORSE,UNK,Unknown,0,37.93037,23.68378,0.0,12.4,211,5,
2026-04-02T03:16:11.696903,229043000,MAZY,UNK,Unknown,0,37.93194,23.68237,0.0,34.2,250,5,
2026-04-02T03:16:12.031369,241814000,BOJI,GRC,Unknown,0,37.92883,23.68373,0.0,28.5,25,5,
2026-04-02T03:16:12.213349,249506000,THIS IS MINE,MLT,Unknown,0,37.93813,23.6481,0.0,36.0,511,0,
2026-04-02T03:16:12.359169,240600000,,GRC,Unknown,0,37.93837,23.66703,0.0,36.0,511,8,
2026-04-02T03:16:12.457523,341345002,,UNK,Unknown,0,37.94925,23.60032,0.0,0.3,2,5,
2026-04-02T03:16:12.617531,230052180,INSPIRATION,UNK,Unknown,0,37.9289,23.68327,0.0,0.0,511,15,
2026-04-02T03:16:12.706874,563188500,MAERSK WAKAYAMA,SGP,Unknown,0,37.95506,23.59504,0.0,21.5,346,5,
2026-04-02T03:16:13.145332,319137400,,UNK,Unknown,0,37.93204,23.68209,0.0,28.1,246,0,
2026-04-02T03:16:13.690208,241872000,,GRC,Unknown,0,37.93461,23.62301,0.0,30.7,286,8,
2026-04-02T03:16:14.668453,241972000,,GRC,Unknown,0,37.93946,23.6318,0.0,19.1,102,0,
2026-04-02T03:16:15.103203,636019289,,LBR,Unknown,0,37.81913,23.61166,1.1,15.4,159,0,
2026-04-02T03:16:15.170818,319122100,ALMAHA,UNK,Unknown,0,37.93164,23.68014,0.0,28.6,63,5,
2026-04-02T03:16:15.606467,244012819,,UNK,Unknown,0,37.91372,23.70522,0.0,36.0,511,0,
2026-04-02T03:16:15.845633,239386000,KEFALONIA,GRC,Unknown,0,37.9612,23.5586,0.0,15.2,511,5,
2026-04-02T03:16:16.250490,240932000,,GRC,Unknown,0,37.95503,23.55003,0.0,10.1,9,5,
2026-04-02T03:16:16.569047,240293500,,GRC,Unknown,0,37.96106,23.55554,0.0,27.7,201,7,
2026-04-02T03:16:16.943392,237044600,,GRC,Unknown,0,37.9426,23.63988,0.0,35.8,272,5,
2026-04-02T03:16:17.007287,241696000,,GRC,Unknown,0,37.93383,23.64906,0.0,36.0,157,0,
2026-04-02T03:16:17.540719,241926000,,GRC,Unknown,0,37.95724,23.61098,0.0,0.8,295,0,
2026-04-02T03:16:17.751463,248640000,,MLT,Unknown,0,37.96023,23.5727,0.0,35.0,180,5,
2026-04-02T03:16:18.572884,241527000,,GRC,Unknown,0,37.9389,23.63397,0.0,23.7,511,0,
2026-04-02T03:16:18.841527,210967000,CHAMPIONSLEAGUE JET1,CYP,Unknown,0,37.94504,23.63987,0.0,32.8,214,5,
2026-04-02T03:16:19.212732,314099000,,UNK,Unknown,0,37.95486,23.60357,0.0,19.9,115,5,
2026-04-02T03:16:19.438737,241899000,ARTEMISEA,GRC,Unknown,0,37.93032,23.68394,0.0,36.0,208,5,
2026-04-02T03:16:19.495764,237002600,APOLLON HELLAS,GRC,Unknown,0,37.93276,23.61178,1.4,20.6,511,0,
2026-04-02T03:16:19.952990,240042300,,GRC,Unknown,0,37.9618,23.55333,0.4,5.0,511,0,
2026-04-02T03:16:20.552983,215353000,,UNK,Unknown,0,37.93921,23.66934,0.0,20.8,297,5,
2026-04-02T03:16:21.093475,240699400,,GRC,Unknown,0,37.96332,23.52602,0.0,0.0,511,0,
2026-04-02T03:16:21.169316,249091000,KOGO,MLT,Unknown,0,37.93071,23.68116,0.0,34.0,64,5,
2026-04-02T03:16:21.292009,249226000,,MLT,Unknown,0,37.93824,23.66686,0.0,17.5,28,5,
2026-04-02T03:16:21.673925,239981000,AQUA JEWEL,GRC,Unknown,0,37.94801,23.63811,0.0,11.3,511,5,
2026-04-02T03:16:21.856732,248112000,CAPRI,MLT,Unknown,0,37.93881,23.66874,0.0,0.0,294,8,
2026-04-02T03:16:23.369294,241966000,,GRC,Unknown,0,37.93841,23.63486,0.0,18.7,123,0,
2026-04-02T03:16:24.058344,240413600,,GRC,Unknown,0,37.93821,23.64847,0.0,36.0,511,5,
2026-04-02T03:16:24.336775,319257400,JUNELUCK,UNK,Unknown,0,37.92921,23.68291,0.0,30.8,28,5,
2026-04-02T03:16:24.614988,237040100,ELENI,GRC,Unknown,0,37.94441,23.64242,0.0,16.4,511,0,
2026-04-02T03:16:24.700896,241588000,,GRC,Unknown,0,37.9535,23.55234,0.0,36.0,511,0,
2026-04-02T03:16:24.912392,241524000,O'NATALINA,GRC,Unknown,0,37.93165,23.64996,0.0,0.0,327,5,
2026-04-02T03:16:25.152786,538007976,AETERNO,MHL,Unknown,0,37.95401,23.55185,0.0,14.7,95,5,
2026-04-02T03:16:26.608780,241804000,,GRC,Unknown,0,37.9429,23.6418,0.0,19.3,108,5,
2026-04-02T03:16:26.610262,241506000,,GRC,Unknown,0,37.95739,23.61037,0.0,16.3,511,0,
2026-04-02T03:16:26.925405,241807000,,GRC,Unknown,0,37.9627,23.56669,0.0,36.0,511,5,
2026-04-02T03:16:27.448619,241621000,,GRC,Unknown,0,37.95592,23.6037,0.0,36.0,511,0,
2026-04-02T03:16:27.617614,241911000,,GRC,Unknown,0,37.93907,23.63348,0.0,2.9,127,0,
2026-04-02T03:16:28.621184,240031600,,GRC,Unknown,0,37.96506,23.52946,0.0,36.0,511,0,
2026-04-02T03:16:29.217558,248112000,CAPRI,MLT,Unknown,0,37.93881,23.66874,0.0,0.0,294,8,
2026-04-02T03:16:29.332130,319003600,TACANUYASO M.S.,UNK,Unknown,0,37.93839,23.66828,0.0,11.5,296,5,
2026-04-02T03:16:29.393198,210423000,,CYP,Unknown,0,37.94428,23.63205,0.0,13.7,46,3,
2026-04-02T03:16:29.620750,240075800,MICHAIL N,GRC,Unknown,0,37.965,23.52872,0.0,36.0,511,5,
2026-04-02T03:16:30.779509,248624000,BARACUDA VALLETTA,MLT,Unknown,0,37.93226,23.65207,0.0,19.3,511,0,
2026-04-02T03:16:31.097364,256001534,,UNK,Unknown,0,37.93261,23.68234,0.0,17.8,65,5,
2026-04-02T03:16:31.256848,241925000,,GRC,Unknown,0,37.95227,23.55195,0.0,29.5,275,8,
2026-04-02T03:16:32.465094,237746400,,GRC,Unknown,0,37.96387,23.5556,0.0,0.0,511,0,
2026-04-02T03:16:33.338681,240612000,IFESTOS 3,GRC,Unknown,0,37.95646,23.60939,0.0,23.7,511,0,
2026-04-02T03:16:34.374351,248666000,,MLT,Unknown,0,37.93182,23.68224,0.0,32.6,237,0,
2026-04-02T03:16:35.340329,636022701,DELTA IOS,LBR,Unknown,0,37.85582,23.53112,0.0,2.0,249,1,
2026-04-02T03:16:35.599283,249867000,,MLT,Unknown,0,37.9416,23.66904,0.0,36.0,511,0,
2026-04-02T03:16:36.267361,339306000,,UNK,Unknown,0,37.93083,23.68316,0.0,30.6,511,0,
2026-04-02T03:16:36.825127,240921000,LOANA,GRC,Unknown,0,37.93135,23.68311,0.0,36.0,511,5,
2026-04-02T03:16:37.098040,240303800,,GRC,Unknown,0,37.93206,23.68404,0.0,36.0,511,7,
2026-04-02T03:16:37.221418,256025000,,UNK,Unknown,0,37.93852,23.66824,0.0,36.0,296,5,
2026-04-02T03:16:37.864053,229458000,VALOR,UNK,Unknown,0,37.88713,23.59254,0.5,19.7,205,0,
2026-04-02T03:16:38.119090,241506000,,GRC,Unknown,0,37.9574,23.61036,0.0,16.3,511,0,
2026-04-02T03:16:38.187392,518100657,FAR FAR AWAY,UNK,Unknown,0,37.96043,23.57073,0.0,22.4,184,5,
2026-04-02T03:16:38.362216,239842700,,GRC,Unknown,0,37.95624,23.60451,0.0,22.8,511,0,
2026-04-02T03:16:38.592846,377338000,PROTUG 88,UNK,Unknown,0,37.95165,23.54828,0.0,36.0,511,0,
2026-04-02T03:16:38.663747,240113700,,GRC,Unknown,0,37.93084,23.64895,0.0,1.7,511,5,
2026-04-02T03:16:38.869314,240564300,,GRC,Unknown,0,37.93847,23.64794,0.0,36.0,511,0,
2026-04-02T03:16:39.097665,240098600,PROTOPOROS XIV,GRC,Unknown,0,37.965,23.52975,0.1,15.9,511,0,
2026-04-02T03:16:39.446570,237697600,,GRC,Unknown,0,37.96085,23.57441,0.0,36.0,99,0,
2026-04-02T03:16:39.869706,249844000,JAZ,MLT,Unknown,0,37.93164,23.65009,0.0,19.2,511,5,
2026-04-02T03:16:39.999947,249853000,WOMBAT,MLT,Unknown,0,37.93277,23.68229,0.0,24.7,511,5,
2026-04-02T03:16:40.467233,240702000,NOEMA,GRC,Unknown,0,37.93098,23.6484,0.0,36.0,511,0,
2026-04-02T03:16:40.917763,240917000,,GRC,Unknown,0,37.93961,23.63041,0.0,10.3,92,13,
2026-04-02T03:16:41.515861,240430500,,GRC,Unknown,0,37.93809,23.66812,0.0,0.0,511,0,
2026-04-02T03:16:41.624865,249192000,,MLT,Unknown,0,37.96686,23.44534,0.0,25.1,511,8,
2026-04-02T03:16:42.349698,229709000,JAAN,UNK,Unknown,0,37.93911,23.66891,0.0,25.0,293,0,
2026-04-02T03:16:43.587074,241532000,CHRISTOS XLIII,GRC,Unknown,0,37.95085,23.54872,0.0,36.0,511,0,
2026-04-02T03:16:43.673446,241696000,MIA ZOI,GRC,Unknown,0,37.93383,23.64905,0.0,36.0,136,0,
2026-04-02T03:16:44.839938,249406000,MONE,MLT,Unknown,0,37.93193,23.65092,0.0,7.3,334,0,
2026-04-02T03:16:45.380359,210205000,,CYP,Unknown,0,37.9403,23.63949,0.0,16.0,56,8,
2026-04-02T03:16:45.720467,240323500,,GRC,Unknown,0,37.93301,23.64822,0.0,36.0,511,4,
2026-04-02T03:16:47.757958,319255000,SAHAB IV,UNK,Unknown,0,37.92901,23.68343,0.0,28.7,23,5,
2026-04-02T03:16:47.864539,240429100,,GRC,Unknown,0,37.93344,23.68301,0.0,36.0,511,5,
2026-04-02T03:16:48.741445,241872000,,GRC,Unknown,0,37.93461,23.62301,0.0,22.7,285,8,
2026-04-02T03:16:49.000206,229045000,,UNK,Unknown,0,37.93822,23.6684,0.0,10.4,511,5,
2026-04-02T03:16:49.057830,229274000,,UNK,Unknown,0,37.93252,23.68251,0.0,36.0,511,15,
2026-04-02T03:16:49.142302,319295000,JAGUAR,UNK,Unknown,0,37.9318,23.65018,0.0,36.0,334,5,
2026-04-02T03:16:49.611824,239864200,,GRC,Unknown,0,37.94469,23.61505,0.0,14.6,511,5,
2026-04-02T03:16:50.007537,241967000,LIBERDADE,GRC,Unknown,0,37.93278,23.68189,0.0,15.2,245,5,
2026-04-02T03:16:50.501384,241737000,XANA,GRC,Unknown,0,37.93269,23.64762,0.0,36.0,511,5,
2026-04-02T03:16:51.112277,241780000,TIMBUKTU,GRC,Unknown,0,37.9311,23.64856,0.0,19.7,15,8,
2026-04-02T03:16:51.357342,631010093,,UNK,Unknown,0,37.95251,23.55301,0.0,17.7,96,5,
2026-04-02T03:16:51.840167,241443000,PANTOKRATOR,GRC,Unknown,0,37.95871,23.61311,0.0,36.0,350,0,
2026-04-02T03:16:52.071395,239967400,,GRC,Unknown,0,37.93203,23.68454,0.0,36.0,511,5,
2026-04-02T03:16:53.948636,235088641,REVE D'OR,UNK,Unknown,0,37.93101,23.68049,0.0,2.6,76,0,
2026-04-02T03:16:54.410327,248034000,GALA I,MLT,Unknown,0,37.9409,23.67042,0.0,26.7,511,5,
2026-04-02T03:16:54.667696,341166001,,UNK,Unknown,0,37.96047,23.57565,0.0,28.7,511,0,
2026-04-02T03:16:55.095845,319015100,SUNRAYS,UNK,Unknown,0,37.95985,23.57645,0.0,36.0,511,5,
2026-04-02T03:16:55.264622,232049174,CHARISMA,UNK,Unknown,0,37.93206,23.64714,0.0,35.0,511,15,
2026-04-02T03:16:55.313153,255804760,BG BLUE,UNK,Unknown,0,37.95758,23.57917,0.0,6.7,345,5,
2026-04-02T03:16:55.746577,249192000,,MLT,Unknown,0,37.96686,23.44533,0.0,18.5,511,8,
2026-04-02T03:16:56.502373,538071354,SORRENTO,MHL,Unknown,0,37.96088,23.5665,0.0,28.9,2,5,
2026-04-02T03:16:56.758361,256722000,,UNK,Unknown,0,37.93927,23.66947,0.0,16.6,511,5,
2026-04-02T03:16:56.990632,240340700,SEA ENERGY I,GRC,Unknown,0,37.91449,23.69894,0.0,36.0,511,8,
2026-04-02T03:16:57.159736,237453600,,GRC,Unknown,0,37.96548,23.5301,0.0,21.9,511,0,
2026-04-02T03:16:57.585954,237592700,AIAKOS,GRC,Unknown,0,37.96288,23.52699,0.4,27.6,511,0,
2026-04-02T03:16:57.671468,239279500,,GRC,Unknown,0,37.94925,23.60057,0.0,0.0,511,0,
2026-04-02T03:16:58.358346,255806309,KATE C,UNK,Unknown,0,37.85307,23.64979,0.7,33.8,335,0,
2026-04-02T03:16:58.696732,339306000,,UNK,Unknown,0,37.93085,23.68316,0.0,30.6,511,0,
2026-04-02T03:16:58.806762,249415000,FAN TOO,MLT,Unknown,0,37.92877,23.68383,0.0,22.5,25,5,
2026-04-02T03:16:59.144992,240348700,,GRC,Unknown,0,37.9334,23.67963,0.0,1.8,511,5,
2026-04-02T03:16:59.390465,232005083,,UNK,Unknown,0,37.94128,23.66887,0.0,2.7,110,5,
2026-04-02T03:17:00.947097,229785000,OCEAN PARADISE,UNK,Unknown,0,37.92931,23.68235,0.0,0.0,27,0,
2026-04-02T03:17:02.667819,305043300,OCEAN BREEZE,UNK,Unknown,0,37.88971,23.54712,0.0,10.6,251,1,
2026-04-02T03:17:02.934660,241634000,KAPETAN MICHALIS,GRC,Unknown,0,37.96043,23.57763,0.0,11.7,511,0,
2026-04-02T03:17:03.729593,239260500,,GRC,Unknown,0,37.93869,23.68556,0.0,35.5,511,1,
2026-04-02T03:17:03.905149,232014927,YOUNAN,UNK,Unknown,0,37.93108,23.68342,0.0,36.0,511,15,
2026-04-02T03:17:04.035792,239546200,,GRC,Unknown,0,37.96519,23.52986,10.2,36.0,511,0,
2026-04-02T03:17:05.253814,352006980,QUEEN NM,PAN,Unknown,0,37.91538,23.56136,0.0,32.5,249,1,
2026-04-02T03:17:05.664955,240362500,ESTIA YI,GRC,Unknown,0,37.9464,23.54361,0.0,36.0,511,5,
2026-04-02T03:17:05.814189,240323500,,GRC,Unknown,0,37.93301,23.64821,0.0,36.0,511,4,
2026-04-02T03:17:05.979579,240699400,PROTOPOROS XIX,GRC,Unknown,0,37.96332,23.52602,0.0,0.0,511,0,
2026-04-02T03:17:06.092810,240045800,,GRC,Unknown,0,37.91398,23.70375,0.0,36.0,231,0,
2026-04-02T03:17:07.186740,377392000,PROTUG 89,UNK,Unknown,0,37.95179,23.54879,0.0,36.0,511,5,
2026-04-02T03:17:09.268791,232193000,M/Y VARMAR-VE,UNK,Unknown,0,37.9309,23.68276,0.0,21.2,213,15,
2026-04-02T03:17:09.757120,240053300,,GRC,Unknown,0,37.96494,23.53097,0.3,1.2,511,0,
2026-04-02T03:17:09.820800,241395000,,GRC,Unknown,0,37.95347,23.55151,0.0,22.9,511,0,
2026-04-02T03:17:10.191465,241803000,AERO 2 HIGHSPEED,GRC,Unknown,0,37.94281,23.64233,0.0,34.5,104,5,
2026-04-02T03:17:10.780364,237015200,,GRC,Unknown,0,37.94952,23.60352,0.0,25.3,511,0,
2026-04-02T03:17:11.070475,237640000,LITHI,GRC,Unknown,0,37.94098,23.67036,0.0,36.0,511,5,
2026-04-02T03:17:12.218082,355639000,,UNK,Unknown,0,37.9297,23.68206,0.0,18.4,511,0,
2026-04-02T03:17:12.275014,241585000,CH.GEMITZOGLOU,GRC,Unknown,0,37.93927,23.63294,0.0,0.0,511,0,
2026-04-02T03:17:12.492225,241927000,SVS I,GRC,Unknown,0,37.93863,23.6344,0.0,22.7,126,0,
2026-04-02T03:17:12.587917,241956000,,GRC,Unknown,0,37.93319,23.64827,0.0,31.4,511,5,
2026-04-02T03:17:12.675320,248702000,AFRICA I,MLT,Unknown,0,37.92892,23.68365,0.0,31.2,26,5,
2026-04-02T03:17:13.612433,237032400,,GRC,Unknown,0,37.96065,23.56405,0.0,5.5,511,0,
2026-04-02T03:17:14.507743,371024000,,UNK,Unknown,0,37.9565,23.59636,0.0,8.9,347,5,
2026-04-02T03:17:14.992997,538008158,,MHL,Unknown,0,37.96067,23.565,0.0,14.5,184,5,
2026-04-02T03:17:16.733295,249850000,GRANDE BALTIMORA,MLT,Unknown,0,37.96049,23.60497,0.0,15.9,42,5,
2026-04-02T03:17:17.625069,241951000,,GRC,Unknown,0,37.95955,23.57418,0.0,0.6,285,0,
2026-04-02T03:17:18.006186,248666000,,MLT,Unknown,0,37.93182,23.68224,0.0,27.7,237,0,
2026-04-02T03:17:18.481580,240531100,,GRC,Unknown,0,37.93111,23.68389,0.0,36.0,511,5,
2026-04-02T03:17:19.519798,240370900,,GRC,Unknown,0,37.94205,23.66923,0.0,36.0,511,5,
2026-04-02T03:17:19.967984,357463000,EVER GRADE,UNK,Unknown,0,37.95552,23.5798,0.0,20.0,347,5,
2026-04-02T03:17:20.033404,249506000,THIS IS MINE,MLT,Unknown,0,37.93813,23.6481,0.0,36.0,511,0,
2026-04-02T03:17:20.152820,240600000,,GRC,Unknown,0,37.93835,23.66705,0.0,30.6,511,8,
2026-04-02T03:17:20.225752,636020328,MEL GRACE,LBR,Unknown,0,37.95819,23.56178,0.0,18.2,6,5,
2026-04-02T03:17:20.372399,229274000,,UNK,Unknown,0,37.93252,23.68251,0.0,36.0,511,15,
2026-04-02T03:17:20.641412,230052180,INSPIRATION,UNK,Unknown,0,37.92892,23.68325,0.0,0.0,511,15,
2026-04-02T03:17:21.414679,319137400,,UNK,Unknown,0,37.93207,23.68209,0.0,28.1,247,0,
2026-04-02T03:17:21.415122,229000178,,UNK,Unknown,0,37.94173,23.67,0.0,36.0,511,1,
2026-04-02T03:17:21.415489,240040300,,GRC,Unknown,0,37.91244,23.7024,0.0,36.0,511,15,
2026-04-02T03:17:21.568805,232055425,AL AMANI,UNK,Unknown,0,37.93232,23.64711,0.0,27.6,104,5,
2026-04-02T03:17:21.569350,241872000,,GRC,Unknown,0,37.93462,23.62302,0.0,19.5,285,8,
2026-04-02T03:17:22.358429,239808200,,GRC,Unknown,0,37.9574,23.60239,0.5,31.7,317,8,
2026-04-02T03:17:22.415057,241972000,REA,GRC,Unknown,0,37.93947,23.63179,0.0,23.0,101,0,
2026-04-02T03:17:22.633402,636019289,,LBR,Unknown,0,37.81648,23.61331,1.1,15.3,159,0,
2026-04-02T03:17:23.050159,244012819,,UNK,Unknown,0,37.91373,23.70522,0.0,36.0,511,0,
2026-04-02T03:17:23.766895,239430000,,GRC,Unknown,0,37.94587,23.63912,0.0,36.0,213,5,
2026-04-02T03:17:24.239738,248640000,,MLT,Unknown,0,37.96023,23.57271,0.0,35.0,180,5,
2026-04-02T03:17:24.549490,241897000,,GRC,Unknown,0,37.96166,23.49803,0.0,0.0,511,0,
2026-04-02T03:17:24.720521,215745000,OPARI,UNK,Unknown,0,37.93154,23.6478,0.0,28.8,15,5,
2026-04-02T03:17:24.885231,237810700,LET IT BE,GRC,Unknown,0,37.91099,23.70407,0.0,36.0,511,0,
2026-04-02T03:17:24.953058,241926000,,GRC,Unknown,0,37.95724,23.61099,0.0,0.8,295,0,
2026-04-02T03:17:26.073579,241527000,,GRC,Unknown,0,37.93888,23.63396,0.0,23.7,511,0,
2026-04-02T03:17:26.987852,240685000,,GRC,Unknown,0,37.9473,23.63717,0.0,3.9,176,5,
2026-04-02T03:17:27.044250,237002600,APOLLON HELLAS,GRC,Unknown,0,37.92937,23.60958,1.4,21.4,511,0,
2026-04-02T03:17:27.339458,240170200,,GRC,Unknown,0,37.93239,23.64714,0.0,36.0,511,5,
2026-04-02T03:17:27.539606,240042300,,GRC,Unknown,0,37.96237,23.55415,0.2,4.7,511,0,
2026-04-02T03:17:28.272944,209653000,CHAMPION JET 3,CYP,Unknown,0,37.94218,23.64035,0.0,24.9,270,5,
2026-04-02T03:17:28.411398,538070488,,MHL,Unknown,0,37.92944,23.68228,0.0,0.8,29,5,
2026-04-02T03:17:29.185769,248112000,CAPRI,MLT,Unknown,0,37.93881,23.66874,0.0,0.0,294,8,
2026-04-02T03:17:30.077499,240151600,CHRISTOS XLV,GRC,Unknown,0,37.95659,23.60495,0.0,36.0,231,0,
2026-04-02T03:17:30.077909,240678700,PERSEUS,GRC,Unknown,0,37.93219,23.64705,0.0,36.0,511,0,
2026-04-02T03:17:30.700749,370901000,,UNK,Unknown,0,37.95247,23.55442,0.0,23.5,86,5,
2026-04-02T03:17:31.268498,241966000,GAIA,GRC,Unknown,0,37.93841,23.63486,0.0,18.7,123,0,
2026-04-02T03:17:32.372361,237040100,ELENI,GRC,Unknown,0,37.94439,23.64245,0.0,26.1,511,0,
2026-04-02T03:17:32.422663,241972000,REA,GRC,Unknown,0,37.93947,23.6318,0.0,20.1,102,0,
2026-04-02T03:17:32.423096,241588000,,GRC,Unknown,0,37.95351,23.55234,0.0,36.0,511,0,
2026-04-02T03:17:34.190870,240544900,,GRC,Unknown,0,37.93936,23.66944,0.0,36.0,511,5,
2026-04-02T03:17:35.015970,241621000,,GRC,Unknown,0,37.95591,23.60369,0.0,14.8,511,0,
2026-04-02T03:17:35.183583,241911000,,GRC,Unknown,0,37.93907,23.63349,0.0,2.9,127,0,
2026-04-02T03:17:36.349806,240031600,,GRC,Unknown,0,37.96504,23.52946,0.0,36.0,511,0,
2026-04-02T03:17:36.767512,248112000,CAPRI,MLT,Unknown,0,37.93881,23.66874,0.0,0.0,294,8,
2026-04-02T03:17:37.114521,210423000,,CYP,Unknown,0,37.9443,23.63205,0.0,13.7,46,3,
2026-04-02T03:17:37.167410,240309400,WHITE KNIGHT,GRC,Unknown,0,37.93173,23.68007,0.0,36.0,511,5,
2026-04-02T03:17:38.467070,248624000,BARACUDA VALLETTA,MLT,Unknown,0,37.93229,23.65207,0.0,19.3,511,0,
2026-04-02T03:17:39.685655,238730740,,UNK,Unknown,0,37.92939,23.68471,0.0,32.6,511,5,
2026-04-02T03:17:40.974319,232059000,KALINGA,UNK,Unknown,0,37.93038,23.68097,0.0,33.3,63,5,
2026-04-02T03:17:41.542558,256314000,SEAKID II,UNK,Unknown,0,37.92928,23.6825,0.0,30.2,28,5,
2026-04-02T03:17:41.836290,248666000,,MLT,Unknown,0,37.93182,23.68224,0.0,2.8,237,0,
2026-04-02T03:17:41.898185,256100000,,UNK,Unknown,0,37.91104,23.70322,0.0,14.2,2,0,
2026-04-02T03:17:41.958086,240111800,M/Y BILLA,GRC,Unknown,0,37.92866,23.68388,0.0,23.1,26,5,
2026-04-02T03:17:42.665323,237955000,,GRC,Unknown,0,37.9469,23.64042,0.0,36.0,511,5,
2026-04-02T03:17:43.041459,255902680,,UNK,Unknown,0,37.93861,23.6488,0.0,36.0,511,5,
2026-04-02T03:17:43.114758,240446900,EVA,GRC,Unknown,0,37.93817,23.66717,0.0,36.0,23,5,
2026-04-02T03:17:43.407500,249867000,,MLT,Unknown,0,37.94163,23.66903,0.0,36.0,511,0,
2026-04-02T03:17:43.689511,339000037,INFINITY,UNK,Unknown,0,37.93137,23.64956,0.0,24.0,326,5,
2026-04-02T03:17:43.690070,339306000,MARIA,UNK,Unknown,0,37.93084,23.68314,0.0,30.6,511,0,
2026-04-02T03:17:44.160643,319284900,,UNK,Unknown,0,37.93034,23.6843,0.0,8.2,209,1,
2026-04-02T03:17:44.555824,240303800,,GRC,Unknown,0,37.93207,23.68403,0.0,36.0,511,7,
2026-04-02T03:17:44.852776,249249000,FOS,MLT,Unknown,0,37.92959,23.68222,0.0,28.3,31,5,
2026-04-02T03:17:45.658729,241506000,LYBOUSSAKIS LEON,GRC,Unknown,0,37.95736,23.61039,0.0,16.3,511,0,
2026-04-02T03:17:45.731067,239842700,,GRC,Unknown,0,37.95625,23.60451,0.0,23.3,511,0,
2026-04-02T03:17:45.902241,377338000,PROTUG 88,UNK,Unknown,0,37.95165,23.54828,0.0,36.0,511,0,
2026-04-02T03:17:46.207931,240564300,,GRC,Unknown,0,37.93847,23.64794,0.0,36.0,511,0,
2026-04-02T03:17:46.549171,240098600,PROTOPOROS XIV,GRC,Unknown,0,37.96435,23.5302,0.3,14.8,511,0,
2026-04-02T03:17:47.058959,240293500,,GRC,Unknown,0,37.96106,23.55554,0.0,27.1,198,7,
2026-04-02T03:17:47.140134,240266900,,GRC,Unknown,0,37.93845,23.686,0.0,36.0,511,5,
2026-04-02T03:17:47.640049,241926000,,GRC,Unknown,0,37.95724,23.61097,0.0,0.8,295,0,
2026-04-02T03:17:47.749500,240702000,NOEMA,GRC,Unknown,0,37.93098,23.64839,0.0,36.0,511,0,
2026-04-02T03:17:47.840847,240386200,AXION,GRC,Unknown,0,37.93773,23.68716,0.0,36.0,511,5,
2026-04-02T03:17:47.889516,241443000,PANTOKRATOR,GRC,Unknown,0,37.95871,23.61312,0.0,36.0,350,0,
2026-04-02T03:17:48.024781,239923000,BLUE STAR NAXOS,GRC,Unknown,0,37.94753,23.64047,0.0,1.0,270,5,
2026-04-02T03:17:48.961458,240917000,VERNICOS MASTER,GRC,Unknown,0,37.93961,23.63043,0.0,10.3,93,13,
2026-04-02T03:17:49.015401,240430500,,GRC,Unknown,0,37.93812,23.6681,0.0,0.0,511,0,
2026-04-02T03:17:49.796954,229709000,JAAN,UNK,Unknown,0,37.93912,23.66891,0.0,29.7,294,0,
2026-04-02T03:17:49.856701,256378000,SERENITY,UNK,Unknown,0,37.96196,23.57395,0.0,22.8,304,5,
2026-04-02T03:17:50.211677,239824900,PROJECT STEEL,GRC,Unknown,0,37.94081,23.67025,0.0,36.0,511,5,
2026-04-02T03:17:50.774212,377427000,,UNK,Unknown,0,37.95369,23.55183,0.0,36.0,511,5,
2026-04-02T03:17:51.093547,241532000,CHRISTOS XLIII,GRC,Unknown,0,37.95083,23.54871,0.0,36.0,511,0,
2026-04-02T03:17:51.202262,241925000,,GRC,Unknown,0,37.95227,23.55196,0.0,6.8,273,8,
2026-04-02T03:17:51.773113,241696000,MIA ZOI,GRC,Unknown,0,37.93383,23.64906,0.0,36.0,136,0,
2026-04-02T03:17:52.350913,249406000,MONE,MLT,Unknown,0,37.93193,23.65092,0.0,7.3,335,0,
2026-04-02T03:17:52.564024,240612000,IFESTOS 3,GRC,Unknown,0,37.95646,23.60937,0.0,21.8,511,0,
2026-04-02T03:17:52.644799,210205000,EXPRESS JET,CYP,Unknown,0,37.9403,23.63949,0.0,16.4,56,8,
2026-04-02T03:17:52.733322,232544000,ETOILE DU NORD,UNK,Unknown,0,37.93205,23.68008,0.0,36.0,511,5,
2026-04-02T03:17:53.039315,240323500,,GRC,Unknown,0,37.93302,23.64821,0.0,36.0,511,4,
2026-04-02T03:17:54.203935,240439300,NOMMO,GRC,Unknown,0,37.93984,23.66866,0.0,36.0,511,5,
2026-04-02T03:17:55.120222,240630000,,GRC,Unknown,0,37.78558,23.49158,0.0,12.0,251,1,
2026-04-02T03:17:56.566372,241672000,,GRC,Unknown,0,37.94021,23.62318,0.0,26.8,150,5,
2026-04-02T03:17:56.820176,229274000,,UNK,Unknown,0,37.93252,23.68251,0.0,36.0,511,15,
2026-04-02T03:17:57.156118,229458000,VALOR,UNK,Unknown,0,37.88561,23.59197,0.5,19.6,205,0,
2026-04-02T03:17:57.203715,237966000,,GRC,Unknown,0,37.93328,23.65036,0.0,4.3,184,5,
2026-04-02T03:17:57.313163,241213000,IPANEMAS,GRC,Unknown,0,37.9315,23.68035,0.0,0.6,62,5,
2026-04-02T03:17:58.819781,241780000,TIMBUKTU,GRC,Unknown,0,37.93111,23.64856,0.0,19.7,15,8,
2026-04-02T03:17:59.440244,241443000,PANTOKRATOR,GRC,Unknown,0,37.9587,23.61311,0.0,36.0,350,0,
2026-04-02T03:18:00.927007,210423000,,CYP,Unknown,0,37.9443,23.63204,0.0,13.7,46,3,
2026-04-02T03:18:02.463569,210205000,EXPRESS JET,CYP,Unknown,0,37.9403,23.63949,0.0,17.8,55,8,
2026-04-02T03:18:02.515837,237746400,,GRC,Unknown,0,37.96325,23.55544,0.3,18.8,511,0,
2026-04-02T03:18:02.815691,235088641,REVE D'OR,UNK,Unknown,0,37.93104,23.68046,0.0,2.6,76,0,
2026-04-02T03:18:03.689281,249192000,,MLT,Unknown,0,37.96681,23.44531,0.0,11.0,511,8,
2026-04-02T03:18:03.983856,237732700,,GRC,Unknown,0,37.93001,23.68513,0.0,36.0,511,5,
2026-04-02T03:18:04.071736,240081400,ZEN,GRC,Unknown,0,37.93632,23.64951,0.0,36.0,511,5,
2026-04-02T03:18:04.941797,240340700,SEA ENERGY I,GRC,Unknown,0,37.91451,23.69895,0.0,36.0,511,8,
2026-04-02T03:18:05.125414,237453600,DIMITRIOS P,GRC,Unknown,0,37.96547,23.5301,0.0,21.8,511,0,
2026-04-02T03:18:05.450944,237592700,AIAKOS,GRC,Unknown,0,37.963,23.52618,0.1,28.4,511,0,
2026-04-02T03:18:05.511716,239279500,KOSTAS DIMAKIS,GRC,Unknown,0,37.94925,23.60057,0.0,0.0,511,0,
2026-04-02T03:18:05.562620,319344500,HALO,UNK,Unknown,0,37.93834,23.66679,0.0,30.9,25,5,
2026-04-02T03:18:06.835712,319299700,MY PLEIADES,UNK,Unknown,0,37.92983,23.68123,0.0,22.9,43,5,
2026-04-02T03:18:08.024230,244814000,LADY DEE,UNK,Unknown,0,37.92898,23.6831,0.0,24.2,29,5,
2026-04-02T03:18:08.714200,229785000,OCEAN PARADISE,UNK,Unknown,0,37.92931,23.68235,0.0,0.0,27,0,
2026-04-02T03:18:08.989442,249970000,,MLT,Unknown,0,37.95971,23.57665,0.0,11.5,187,5,
2026-04-02T03:18:09.702038,248640000,,MLT,Unknown,0,37.96023,23.57271,0.0,35.0,180,5,
2026-04-02T03:18:10.083580,319198400,,UNK,Unknown,0,37.93701,23.64929,0.0,28.6,190,5,
2026-04-02T03:18:10.771457,239552000,FLYINGCAT 3,GRC,Unknown,0,37.94395,23.64313,0.0,25.4,168,5,
2026-04-02T03:18:10.932133,241634000,KAPETAN MICHALIS,GRC,Unknown,0,37.9604,23.57768,0.0,9.5,511,0,
2026-04-02T03:18:11.738808,240242200,PAX,GRC,Unknown,0,37.93235,23.68393,0.0,36.0,511,5,
2026-04-02T03:18:12.014051,239546200,,GRC,Unknown,0,37.96486,23.53009,0.3,14.6,511,0,
2026-04-02T03:18:12.293871,377465000,,UNK,Unknown,0,37.95164,23.54911,0.0,36.0,511,5,
2026-04-02T03:18:13.156319,341166001,TO CALLISTO,UNK,Unknown,0,37.96048,23.57565,0.0,28.7,511,0,
2026-04-02T03:18:13.156651,241527000,,GRC,Unknown,0,37.93888,23.63396,0.0,23.7,511,0,
2026-04-02T03:18:13.481771,232049174,CHARISMA,UNK,Unknown,0,37.93205,23.64714,0.0,19.3,511,15,
2026-04-02T03:18:13.482156,248365000,OPTION B,MLT,Unknown,0,37.93004,23.68496,0.0,23.5,511,5,
2026-04-02T03:18:13.482534,240362500,ESTIA YI,GRC,Unknown,0,37.94639,23.54362,0.0,36.0,511,5,
2026-04-02T03:18:13.877435,240045800,,GRC,Unknown,0,37.91399,23.70374,0.0,36.0,230,0,
2026-04-02T03:18:14.691095,237039400,,GRC,Unknown,0,37.96206,23.56808,0.0,36.0,511,5,
2026-04-02T03:18:15.312835,215314000,VERTIGO,UNK,Unknown,0,37.9315,23.64979,0.0,22.3,327,5,
2026-04-02T03:18:16.112894,319012900,,UNK,Unknown,0,37.93478,23.68169,0.0,7.9,68,5,
2026-04-02T03:18:16.828428,232193000,M/Y VARMAR-VE,UNK,Unknown,0,37.9309,23.68276,0.0,21.0,212,15,
2026-04-02T03:18:17.314782,240053300,,GRC,Unknown,0,37.96547,23.53055,0.2,32.0,511,0,
2026-04-02T03:18:17.315345,241395000,,GRC,Unknown,0,37.9535,23.55144,0.0,23.1,511,0,
2026-04-02T03:18:18.012644,351732000,SEA PATRIS,PAN,Unknown,0,37.95943,23.60865,0.0,1.5,296,5,
2026-04-02T03:18:18.190456,255806309,KATE C,UNK,Unknown,0,37.85525,23.64868,0.7,33.8,335,0,
2026-04-02T03:18:18.558330,237015200,,GRC,Unknown,0,37.94957,23.60342,0.0,24.4,511,0,
2026-04-02T03:18:20.086605,355639000,KWIKUMAT,UNK,Unknown,0,37.92976,23.6821,0.0,20.0,511,0,
2026-04-02T03:18:20.158321,241585000,CH.GEMITZOGLOU,GRC,Unknown,0,37.93927,23.63294,0.0,0.0,511,0,
2026-04-02T03:18:20.345680,241927000,SVS I,GRC,Unknown,0,37.93863,23.6344,0.0,22.7,126,0,
2026-04-02T03:18:20.632993,241756000,,GRC,Unknown,0,37.93791,23.64808,0.0,12.5,511,5,
2026-04-02T03:18:20.752388,366525000,,UNK,Unknown,0,37.86531,23.52438,0.0,18.4,247,1,
2026-04-02T03:18:21.155026,241911000,,GRC,Unknown,0,37.93908,23.6335,0.0,35.1,126,0,
2026-04-02T03:18:21.639529,248217000,,MLT,Unknown,0,37.93147,23.64962,0.0,14.3,332,5,
2026-04-02T03:18:21.789372,241917000,BENIK,GRC,Unknown,0,37.93017,23.68107,0.0,17.1,68,5,
2026-04-02T03:18:23.739676,232014927,YOUNAN,UNK,Unknown,0,37.93108,23.68342,0.0,36.0,511,15,
2026-04-02T03:18:25.870818,249192000,,MLT,Unknown,0,37.9668,23.44534,0.0,10.1,511,8,
2026-04-02T03:18:26.237136,215827000,DILARA,UNK,Unknown,0,37.92922,23.68263,0.0,36.0,511,5,
2026-04-02T03:18:27.170907,239392400,SHOOTING STAR,GRC,Unknown,0,37.91343,23.70267,0.0,36.0,511,5,
2026-04-02T03:18:27.336607,319137400,,UNK,Unknown,0,37.93207,23.68208,0.0,28.1,247,0,
2026-04-02T03:18:27.671665,240771000,PEGASUS,GRC,Unknown,0,37.939,23.66873,0.0,29.5,293,5,
2026-04-02T03:18:27.726878,249506000,THIS IS MINE,MLT,Unknown,0,37.93813,23.64811,0.0,36.0,511,0,
2026-04-02T03:18:27.885599,240600000,,GRC,Unknown,0,37.93834,23.66705,0.0,36.0,511,8,
2026-04-02T03:18:28.924587,230052180,INSPIRATION,UNK,Unknown,0,37.92892,23.68325,0.0,0.0,511,15,
2026-04-02T03:18:28.989853,240303800,,GRC,Unknown,0,37.93204,23.68406,0.0,36.0,511,7,
2026-04-02T03:18:29.048824,241872000,,GRC,Unknown,0,37.93461,23.62301,0.0,26.3,285,8,
2026-04-02T03:18:30.242651,636019289,,LBR,Unknown,0,37.81382,23.61493,1.1,15.5,159,0,
2026-04-02T03:18:30.899907,212912000,EUROCHAMPION JET,CYP,Unknown,0,37.94821,23.6387,0.0,27.6,177,5,
2026-04-02T03:18:31.341963,314419000,TORPO,UNK,Unknown,0,37.94684,23.54513,0.0,17.9,356,5,
2026-04-02T03:18:31.560820,357982000,,UNK,Unknown,0,37.9582,23.61276,0.0,15.2,260,5,
2026-04-02T03:18:31.669036,210652000,GALAXY,CYP,Unknown,0,37.96124,23.55785,0.0,36.0,511,5,
2026-04-02T03:18:32.670168,241926000,LYBOUSSAKIS ATLAS,GRC,Unknown,0,37.95723,23.61099,0.0,0.8,295,0,
2026-04-02T03:18:33.724909,241527000,,GRC,Unknown,0,37.93889,23.63398,0.0,23.7,511,0,
2026-04-02T03:18:33.824509,271052266,MEDKON ANKARA,TUR,Unknown,0,37.95257,23.59567,0.0,13.1,345,5,
2026-04-02T03:18:34.609796,237002600,APOLLON HELLAS,GRC,Unknown,0,37.92632,23.60697,1.3,19.7,511,0,
2026-04-02T03:18:34.897020,232957000,RIO RITA,UNK,Unknown,0,37.9303,23.68112,0.0,33.9,68,5,
2026-04-02T03:18:35.097029,240042300,,GRC,Unknown,0,37.96283,23.55475,0.3,4.7,511,0,
2026-04-02T03:18:35.367261,241951000,,GRC,Unknown,0,37.95955,23.57418,0.0,0.6,286,0,
2026-04-02T03:18:36.186114,319505000,,UNK,Unknown,0,37.9603,23.57286,0.0,34.5,511,5,
2026-04-02T03:18:36.333772,256155000,MED ISLAND,UNK,Unknown,0,37.87681,23.54227,0.0,4.1,246,1,
2026-04-02T03:18:36.882432,248112000,CAPRI,MLT,Unknown,0,37.93881,23.66875,0.0,0.0,294,8,
2026-04-02T03:18:37.134454,240678700,PERSEUS,GRC,Unknown,0,37.93218,23.64705,0.0,36.0,511,0,
2026-04-02T03:18:38.167497,241966000,GAIA,GRC,Unknown,0,37.9384,23.63487,0.0,18.7,123,0,
2026-04-02T03:18:38.396688,311001556,EMERALD KAIA,UNK,Unknown,0,37.93891,23.63534,0.0,24.9,8,5,
2026-04-02T03:18:39.007314,229056000,JO I,UNK,Unknown,0,37.96111,23.57436,0.0,15.7,98,5,
2026-04-02T03:18:39.647520,241972000,REA,GRC,Unknown,0,37.93947,23.6318,0.0,17.2,103,0,
2026-04-02T03:18:39.713313,241588000,,GRC,Unknown,0,37.95351,23.55234,0.0,36.0,511,0,
2026-04-02T03:18:39.778925,240136100,INVADER,GRC,Unknown,0,37.93182,23.65048,0.0,22.2,329,5,
2026-04-02T03:18:39.976238,319137400,,UNK,Unknown,0,37.93207,23.68208,0.0,28.1,247,0,
2026-04-02T03:18:40.569118,240593700,PROTUG 40,GRC,Unknown,0,37.95429,23.55093,0.0,9.5,511,5,
2026-04-02T03:18:41.142095,209440000,CHAMPION JET 1,CYP,Unknown,0,37.94167,23.6403,0.0,19.9,270,5,
2026-04-02T03:18:41.232526,241762000,,GRC,Unknown,0,37.94339,23.63053,0.0,23.9,222,5,
2026-04-02T03:18:41.798894,240098600,PROTOPOROS XIV,GRC,Unknown,0,37.96362,23.5309,0.4,14.2,511,0,
2026-04-02T03:18:41.910790,210420000,ANGKALIA,CYP,Unknown,0,37.93315,23.67982,0.0,18.7,82,5,
2026-04-02T03:18:42.507887,241621000,,GRC,Unknown,0,37.95591,23.60369,0.0,34.8,511,0,
2026-04-02T03:18:43.236338,241782000,ALMYRA II,GRC,Unknown,0,37.93094,23.68296,0.0,24.9,212,5,
2026-04-02T03:18:43.693927,240031600,PROTOPOROS X,GRC,Unknown,0,37.96505,23.52945,0.0,36.0,511,0,
2026-04-02T03:18:43.882101,241617000,,GRC,Unknown,0,37.94355,23.63504,0.0,30.5,219,5,
2026-04-02T03:18:43.955597,237810700,LET IT BE,GRC,Unknown,0,37.91099,23.70406,0.0,36.0,511,0,
2026-04-02T03:18:44.095196,241911000,,GRC,Unknown,0,37.93908,23.63349,0.0,35.1,126,0,
2026-04-02T03:18:44.302174,210423000,SUPERRUNNER JET 2,CYP,Unknown,0,37.9443,23.63204,0.0,13.7,46,3,
2026-04-02T03:18:45.814756,248624000,BARACUDA VALLETTA,MLT,Unknown,0,37.93228,23.65207,0.0,19.3,511,0,
2026-04-02T03:18:46.303580,237070600,,GRC,Unknown,0,37.95767,23.60988,0.0,11.1,511,0,
2026-04-02T03:18:47.122468,248083000,SWEET MARYI,MLT,Unknown,0,37.96247,23.57106,0.0,0.0,183,5,
2026-04-02T03:18:47.173469,229931000,M/Y ADORA,UNK,Unknown,0,37.93102,23.68081,0.0,26.4,511,5,
2026-04-02T03:18:47.829137,241416000,MARLA,GRC,Unknown,0,37.93316,23.64847,0.0,30.6,138,5,
2026-04-02T03:18:48.652339,376514000,,UNK,Unknown,0,37.95169,23.54863,0.0,22.5,328,5,
2026-04-02T03:18:49.132941,240151600,CHRISTOS XLV,GRC,Unknown,0,37.95659,23.60496,0.0,36.0,228,0,
2026-04-02T03:18:49.924318,240584500,,GRC,Unknown,0,37.93945,23.63128,0.0,36.0,511,5,
2026-04-02T03:18:50.797594,237040100,ELENI,GRC,Unknown,0,37.94438,23.64244,0.0,26.1,511,0,
2026-04-02T03:18:50.877814,249867000,BLADE6,MLT,Unknown,0,37.9416,23.66905,0.0,36.0,511,0,
2026-04-02T03:18:51.116561,339306000,MARIA,UNK,Unknown,0,37.93082,23.68317,0.0,30.6,511,0,
2026-04-02T03:18:51.372646,256139000,ORA,UNK,Unknown,0,37.93205,23.65061,0.0,17.2,331,5,
2026-04-02T03:18:51.777888,256004284,THEOLINA,UNK,Unknown,0,37.93315,23.68168,0.0,6.0,250,5,
2026-04-02T03:18:52.007440,240100100,KARMA,GRC,Unknown,0,37.93636,23.64796,0.0,27.3,511,5,
2026-04-02T03:18:52.316573,240303800,,GRC,Unknown,0,37.93204,23.68405,0.0,36.0,511,7,
2026-04-02T03:18:53.055385,237465900,ALAYA,GRC,Unknown,0,37.93144,23.68322,0.0,19.4,511,5,
2026-04-02T03:18:53.130836,239924000,BLUE STAR PAROS,GRC,Unknown,0,37.94858,23.64047,0.0,13.1,268,5,
2026-04-02T03:18:53.196145,248704000,OPTASIA,MLT,Unknown,0,37.93184,23.64717,0.0,19.7,286,5,
2026-04-02T03:18:53.278366,241506000,LYBOUSSAKIS LEON,GRC,Unknown,0,37.95737,23.61039,0.0,16.3,511,0,
2026-04-02T03:18:53.332328,239842700,,GRC,Unknown,0,37.95624,23.60451,0.0,24.2,511,0,
2026-04-02T03:18:53.472374,377338000,PROTUG 88,UNK,Unknown,0,37.95165,23.54828,0.0,36.0,511,0,
2026-04-02T03:18:54.122599,240003400,,GRC,Unknown,0,37.91387,23.70212,0.0,36.0,511,8,
2026-04-02T03:18:54.307506,240098600,PROTOPOROS XIV,GRC,Unknown,0,37.96342,23.53108,0.5,14.2,511,0,
2026-04-02T03:18:54.415466,237697600,,GRC,Unknown,0,37.96085,23.5744,0.0,36.0,99,0,
2026-04-02T03:18:55.051801,538012456,ANGERONA,MHL,Unknown,0,37.86853,23.51197,0.1,17.3,237,1,
2026-04-02T03:18:55.362819,240702000,NOEMA,GRC,Unknown,0,37.93098,23.6484,0.0,36.0,511,0,
2026-04-02T03:18:55.984569,239546200,KONSTANTINOS K,GRC,Unknown,0,37.96442,23.53063,0.3,11.8,511,0,
2026-04-02T03:18:57.132687,240917000,VERNICOS MASTER,GRC,Unknown,0,37.9396,23.63041,0.0,10.3,93,13,
2026-04-02T03:18:57.133333,240430500,,GRC,Unknown,0,37.93811,23.6681,0.0,0.0,511,0,
2026-04-02T03:18:57.133911,256839000,ZIA,UNK,Unknown,0,37.96129,23.56633,0.0,19.8,183,5,
2026-04-02T03:18:57.542431,248112000,CAPRI,MLT,Unknown,0,37.93881,23.66875,0.0,0.0,294,8,
2026-04-02T03:18:58.349204,240267900,IDYLLE,GRC,Unknown,0,37.93095,23.64867,0.0,3.2,13,5,
2026-04-02T03:18:58.739394,240597300,,GRC,Unknown,0,37.91185,23.70178,0.0,4.4,511,5,
2026-04-02T03:18:58.919053,241925000,,GRC,Unknown,0,37.95227,23.55196,0.0,6.8,272,8,
2026-04-02T03:18:58.919435,229686000,NY SECRET,UNK,Unknown,0,37.93048,23.68377,0.0,10.8,207,1,
2026-04-02T03:18:59.531715,241696000,MIA ZOI,GRC,Unknown,0,37.93382,23.64905,0.0,36.0,157,0,
2026-04-02T03:19:00.069965,248198000,EMOTION2,MLT,Unknown,0,37.93278,23.64766,0.0,18.5,137,5,
2026-04-02T03:19:00.243463,229405000,,UNK,Unknown,0,37.93306,23.68169,0.0,32.9,246,5,
2026-04-02T03:19:00.243837,249406000,MONE,MLT,Unknown,0,37.93193,23.65092,0.0,7.3,335,0,
2026-04-02T03:19:00.309639,240183000,EMIR,GRC,Unknown,0,37.95734,23.56274,0.0,36.0,511,5,
2026-04-02T03:19:00.520890,240612000,IFESTOS 3,GRC,Unknown,0,37.95649,23.60937,0.0,23.6,511,0,
2026-04-02T03:19:00.674229,248666000,AQUA LIBRA,MLT,Unknown,0,37.93182,23.68224,0.0,24.1,237,0,
2026-04-02T03:19:00.992078,240323500,CONDOR A,GRC,Unknown,0,37.93303,23.6482,0.0,36.0,511,4,
2026-04-02T03:19:01.070631,241802000,AERO 1 HIGHSPEED,GRC,Unknown,0,37.94298,23.64134,0.0,19.3,103,5,
2026-04-02T03:19:01.553924,636018765,DELTA ATLANTICA,LBR,Unknown,0,37.87798,23.55482,0.0,35.7,234,1,
2026-04-02T03:19:02.662106,240600000,,GRC,Unknown,0,37.93836,23.66703,0.0,36.0,511,8,
2026-04-02T03:19:03.348613,240040300,,GRC,Unknown,0,37.91244,23.70241,0.0,36.0,511,15,
2026-04-02T03:19:03.409417,352004161,NACC COGIO 1,PAN,Unknown,0,37.9077,23.56217,0.0,15.0,243,1,
2026-04-02T03:19:03.659745,241671000,BLUE CARRIER 1,GRC,Unknown,0,37.95271,23.60643,0.0,22.9,270,5,
2026-04-02T03:19:03.914606,240591100,PAREAKI II,GRC,Unknown,0,37.93109,23.64878,0.0,36.0,511,5,
2026-04-02T03:19:04.807814,241708000,ITOTO,GRC,Unknown,0,37.93853,23.66859,0.0,36.0,511,5,
2026-04-02T03:19:04.808364,229274000,AMICI PER SEMPRE,UNK,Unknown,0,37.93252,23.68251,0.0,36.0,511,15,
2026-04-02T03:19:05.152079,229458000,VALOR,UNK,Unknown,0,37.88426,23.59146,0.5,19.6,206,0,
2026-04-02T03:19:05.412066,240564300,,GRC,Unknown,0,37.93849,23.64792,0.0,36.0,511,0,
2026-04-02T03:19:06.838212,241780000,TIMBUKTU,GRC,Unknown,0,37.93111,23.64857,0.0,19.7,15,8,
2026-04-02T03:19:07.299746,241443000,PANTOKRATOR,GRC,Unknown,0,37.95872,23.6131,0.0,36.0,349,0,
